model,rows,features,mae,r2
LightGBMRegressor,23551,110,6735.317302441145,0.9983454086919451
CatBoostRegressor,23551,110,12591.924815564864,0.9953923218989792
